 Source IP, Destination IP, Source Port, Destination Port, Protocol, Flow Duration, Total Fwd Packets, Total Backward Packets, Total Length of Fwd Packets, Total Length of Bwd Packets, Fwd Packet Length Max, Fwd Packet Length Min, Fwd Packet Length Mean, Fwd Packet Length Std, Flow Bytes/s, Flow Packets/s, Label
192.168.1.23,172.16.0.10,37042,80,6,74284,47,37,1082,712,751,40,23.02127659574468,96.32876650654887,381.3313020094322,606.7570445842599,DoS Hulk
192.168.1.16,104.244.42.1,60690,25,6,95692,1,9,3843,1679,1380,40,3843.0,96.99567940411062,3843.0,781.7437659817518,BENIGN
192.168.1.24,172.16.0.30,17471,8080,6,7253,37,25,1651,202,1454,40,44.62162162162162,16.33418802919714,739.3221957576836,255.03539309697507,DoS Hulk
192.168.1.44,93.184.216.34,51617,53,6,64462,40,12,2265,1009,611,40,56.625,55.80866508074042,973.6978310196448,972.9377169629785,BENIGN
192.168.1.29,8.8.8.8,19993,22,6,2013,8,31,2787,1763,399,40,348.375,12.918570175921495,518.7466086467431,230.88060536058302,BENIGN
192.168.1.33,1.1.1.1,4941,80,6,21174,42,34,1228,219,297,40,29.238095238095237,48.784288192297986,379.51348685849825,558.7920918224249,DoS Hulk
10.0.0.109,172.16.0.20,42395,8080,6,54054,37,4,1754,162,371,40,47.4054054054054,34.362548759742026,547.5308558652525,653.3600843330099,DoS Hulk
192.168.1.41,172.16.0.10,10433,53,6,1205,28,39,2486,1445,532,40,88.78571428571429,57.06637160224288,1271.9966084381572,668.5466880167152,BENIGN
192.168.1.48,8.8.8.8,37123,22,6,54476,36,5,212,57,272,40,5.888888888888889,46.14478941787834,167.86562897549246,832.3110305951324,BENIGN
10.0.0.118,172.16.0.30,38864,80,6,9678,23,9,1558,574,103,40,67.73913043478261,33.91524179549423,408.400392545574,534.7389030349505,Web Attack
192.168.1.39,1.1.1.1,48257,53,6,71381,44,17,1038,696,268,40,23.59090909090909,29.350012864742613,623.1383262197544,4.24207078562756,BENIGN
192.168.1.33,172.16.0.20,62821,80,6,48175,29,17,2625,418,311,40,90.51724137931035,8.72972323551161,601.1408336472279,557.4280471890066,BENIGN
192.168.1.49,172.16.0.30,30351,6697,6,96199,1,2,506,503,622,40,506.0,59.576282662378574,96.8544757110745,993.4185975449847,Bot
192.168.1.35,93.184.216.34,1936,21,6,17199,35,29,2266,1509,1417,40,64.74285714285715,74.90116035367608,840.6921905542578,381.64447377320283,BENIGN
10.0.0.116,172.16.0.20,63842,8080,6,48962,22,11,1755,1021,908,40,79.77272727272727,21.053248211065632,249.3941000365887,372.9373182409472,DoS Hulk
192.168.1.18,172.16.0.10,10899,80,6,29467,32,21,530,430,678,40,16.5625,78.57253387530324,105.28160082380941,372.0256844104884,DoS Hulk
10.0.0.103,1.1.1.1,53744,22,6,45216,28,25,131,83,287,40,4.678571428571429,97.58532694286733,22.578135588811595,138.1920725797734,SSH-Patator
192.168.1.27,93.184.216.34,65324,53,6,4617,22,7,4492,2139,405,40,204.1818181818182,58.058973373870785,456.63629133939145,39.21894015590946,BENIGN
192.168.1.24,172.16.0.30,35281,80,17,50921,2,9,64,6,1412,40,32.0,5.660477429555666,23.331396253285867,785.7466604022268,DDoS
10.0.0.106,172.16.0.10,11254,6697,6,49114,17,37,241,63,517,40,14.176470588235293,25.624383845235577,78.42514311174376,570.9166723295931,Bot
10.0.0.102,172.16.0.30,56151,22,6,39005,49,12,197,45,1175,40,4.020408163265306,3.9331182595438885,50.471144494161194,191.81215775438747,SSH-Patator
10.0.0.112,151.101.1.69,6585,22,6,97380,29,12,241,35,113,40,8.310344827586206,19.309271890941705,33.354478855118785,593.3524830508727,SSH-Patator
10.0.0.106,172.16.0.10,20584,443,17,64142,7,4,360,172,606,40,51.42857142857143,64.05947456146558,41.72090943831606,261.88576101857035,DDoS
192.168.1.39,8.8.8.8,50032,80,6,92660,29,10,970,102,479,40,33.44827586206897,50.834354311645704,123.06204060533562,801.0528796168092,DoS Hulk
192.168.1.20,1.1.1.1,22282,80,6,47984,19,23,559,441,338,40,29.42105263157895,24.41974321839684,133.75406236395781,682.1185709813755,BENIGN
10.0.0.111,1.1.1.1,19522,80,6,76324,39,8,1627,1040,250,40,41.717948717948715,40.56859822388953,226.87646506183287,107.87431350010525,Web Attack
10.0.0.118,93.184.216.34,52866,22,6,81273,41,24,296,80,72,40,7.219512195121951,87.96269408387502,296.0,8.216770881663479,SSH-Patator
10.0.0.112,8.8.8.8,61725,58801,6,64788,12,40,67,22,1176,40,5.583333333333333,16.686552382738906,22.639232659656525,187.91148138244023,PortScan
192.168.1.11,172.16.0.20,28538,21,6,21631,22,23,3816,1276,704,40,173.45454545454547,77.6835619966741,667.2289608782731,85.87208293720211,BENIGN
192.168.1.32,1.1.1.1,43273,443,6,39096,5,4,291,128,241,40,58.2,19.741759244791602,49.76147862304032,951.588366437853,DDoS
10.0.0.109,172.16.0.20,46574,21,6,74886,47,16,127,15,1328,40,2.702127659574468,47.31605319540283,71.5942898434604,52.568264906581874,FTP-Patator
10.0.0.109,1.1.1.1,63850,443,17,1633,11,20,229,63,493,40,20.818181818181817,71.21991272256986,35.53527047712096,277.4031551872934,DDoS
10.0.0.113,1.1.1.1,40352,8080,6,72741,16,17,226,158,1327,40,14.125,55.75486482688887,27.327691119633496,49.869881143086694,Web Attack
192.168.1.19,1.1.1.1,51191,53,6,87533,3,26,1024,32,532,40,341.3333333333333,20.608162185021417,931.8600459399743,34.542699478526515,BENIGN
192.168.1.27,172.16.0.30,7722,22,6,13676,25,22,859,352,1276,40,34.36,26.452086722201308,859.0,459.9654547921707,BENIGN
192.168.1.37,172.16.0.30,60375,443,6,19671,33,10,340,94,492,40,10.303030303030303,61.68849232401576,130.66150534529157,115.50791958106028,DDoS
192.168.1.26,172.16.0.20,22303,8080,6,23662,31,31,911,845,1452,40,29.387096774193548,70.2847894849125,110.9189932745087,96.2686894583401,Bot
192.168.1.18,172.16.0.20,23298,21,6,1336,18,18,4259,2445,1242,40,236.61111111111111,57.992338388340414,642.0525463603159,865.3953341055424,BENIGN
10.0.0.106,8.8.8.8,65191,26801,6,42078,41,38,73,49,1291,40,1.7804878048780488,39.2544005714392,59.30631791542896,352.63293949270457,PortScan
192.168.1.27,104.244.42.1,40216,80,6,97276,28,20,426,309,552,40,15.214285714285714,2.5864892388335448,180.02395720945853,674.624068804999,BENIGN
10.0.0.118,8.8.8.8,63083,8080,6,2197,20,27,1477,599,1262,40,73.85,23.121539351915853,1477.0,374.27023265050656,DoS Hulk
192.168.1.43,1.1.1.1,64202,53,6,63781,4,25,355,218,1445,40,88.75,10.796182967922718,49.631100991515616,444.11876703364567,BENIGN
10.0.0.108,8.8.8.8,11638,21,6,9177,18,24,68,49,721,40,3.7777777777777777,99.59585671131211,25.596991502747063,812.9880630031241,FTP-Patator
192.168.1.33,172.16.0.10,32996,53,6,70758,1,35,228,105,64,40,228.0,1.6726147602629915,31.449542762025462,536.2023648210009,BENIGN
192.168.1.29,151.101.1.69,46716,21,6,17683,36,12,2522,1722,1401,40,70.05555555555556,94.0363670730183,370.5854672118708,902.9027401868501,BENIGN
192.168.1.21,172.16.0.30,40967,80,6,90539,40,15,3233,2038,1234,40,80.825,14.311772012850966,692.9761626157158,254.72336207412874,BENIGN
192.168.1.17,172.16.0.10,15652,443,6,14434,48,34,1243,178,1249,40,25.895833333333332,42.192181968527045,1243.0,219.41933682879977,BENIGN
192.168.1.10,93.184.216.34,8355,80,6,32385,20,3,3073,986,1201,40,153.65,94.69494452979941,3073.0,486.50447285329716,BENIGN
10.0.0.104,172.16.0.30,45898,6697,6,15749,6,26,689,433,788,40,114.83333333333333,34.83078568465243,210.36178062670803,594.2832718920293,Bot
192.168.1.18,1.1.1.1,61908,22,6,61068,1,39,694,576,244,40,694.0,7.3260721099633,313.9947991270916,265.9352143356509,BENIGN
192.168.1.36,172.16.0.10,32020,53,6,87991,25,9,3223,2028,115,40,128.92,12.624626980938869,333.74752188653287,332.6627092274324,BENIGN
192.168.1.26,151.101.1.69,13881,443,6,50786,15,36,2802,1006,1062,40,186.8,55.06425325170752,296.81263286212624,338.22671975247135,BENIGN
192.168.1.32,104.244.42.1,58042,53,6,58008,40,17,2988,2619,157,40,74.7,7.504116498815927,466.04673845627275,363.94781952033134,BENIGN
192.168.1.31,172.16.0.30,53999,8080,6,11286,25,3,690,342,752,40,27.6,87.97925026501842,156.8319570241216,930.3158378598338,Bot
192.168.1.34,172.16.0.20,47758,443,6,36123,6,9,702,389,1497,40,117.0,78.38902818702226,431.37849191007075,390.2323534217592,BENIGN
192.168.1.21,8.8.8.8,32756,53,6,78278,47,33,2365,1159,245,40,50.319148936170215,83.2628363327068,779.7971573389233,361.52018808023706,BENIGN
192.168.1.33,1.1.1.1,34070,21,6,73070,49,17,3789,3380,1316,40,77.3265306122449,68.03986401188608,2968.902694713746,975.1077325983703,BENIGN
192.168.1.35,172.16.0.10,1165,21,6,60638,17,18,3298,1732,1466,40,194.0,95.73176408596731,331.30130425161826,556.2125550822126,BENIGN
10.0.0.107,8.8.8.8,64325,40001,6,78147,44,32,89,19,746,40,2.022727272727273,99.77027254146535,18.23982142330652,296.1367882978875,PortScan
192.168.1.26,172.16.0.10,45431,22,6,10681,11,28,4577,2830,1243,40,416.09090909090907,29.91542491237722,475.5775388952357,690.6231989476689,BENIGN
10.0.0.107,104.244.42.1,42486,22,6,13752,20,29,92,78,389,40,4.6,83.53521569895929,92.0,817.6529244722789,SSH-Patator
10.0.0.113,172.16.0.20,60001,10301,6,54645,13,35,53,46,1146,40,4.076923076923077,26.526476934997657,18.357658559725387,238.3107366622984,PortScan
192.168.1.22,172.16.0.20,7049,443,17,28964,15,21,188,84,778,40,12.533333333333333,29.357435717020387,19.77271488062285,618.6623203826576,DDoS
10.0.0.111,172.16.0.10,13677,21,6,82185,2,5,58,3,1256,40,29.0,65.66055185643357,6.928644731022997,950.5384702890037,FTP-Patator
192.168.1.39,1.1.1.1,56948,21,6,32091,7,24,4058,2342,775,40,579.7142857142857,57.481193017864506,408.7573087739095,295.93552312938607,BENIGN
192.168.1.42,151.101.1.69,49760,443,6,34972,29,15,3988,3440,1345,40,137.51724137931035,27.731135313074052,511.3488629571466,485.11242005319656,BENIGN
10.0.0.105,8.8.8.8,8681,8080,6,42222,46,2,1462,556,887,40,31.782608695652176,8.67977849919679,166.46205320839167,372.2119933102609,Web Attack
192.168.1.14,172.16.0.10,14089,443,6,20973,40,15,266,64,1009,40,6.65,66.94588446199107,46.803802949785286,218.74657636559712,BENIGN
10.0.0.118,172.16.0.30,61219,47501,6,26614,32,34,77,31,348,40,2.40625,0.6377882751804065,18.5124746509946,233.76474411788323,PortScan
192.168.1.32,172.16.0.20,45683,8080,6,21789,21,40,1139,86,1165,40,54.23809523809524,52.09262529175096,436.7672714884143,638.8814920299818,DoS Hulk
192.168.1.41,8.8.8.8,39627,8080,6,13807,37,27,1926,274,561,40,52.054054054054056,47.714123700454,801.8726625521733,859.19419405411,DoS Hulk
192.168.1.29,172.16.0.20,11458,443,6,75162,37,9,101,94,1030,40,2.72972972972973,93.91752582698729,101.0,761.7109054562039,DDoS
10.0.0.116,172.16.0.10,26357,80,17,76007,11,13,35,14,1365,40,3.1818181818181817,22.51120409197751,16.304574953781085,651.9357455231076,DDoS
192.168.1.34,172.16.0.30,7755,80,17,78158,33,19,206,42,173,40,6.242424242424242,82.38438296744104,67.49224956439359,291.5369640176771,DDoS
10.0.0.118,172.16.0.30,46282,80,6,27738,19,34,411,16,774,40,21.63157894736842,81.40262175544687,368.75800937230525,868.1673382807559,DDoS
192.168.1.33,8.8.8.8,1787,80,6,67265,11,30,339,253,378,40,30.818181818181817,7.486524247698478,68.24612745578679,241.65092488053392,DDoS
10.0.0.119,172.16.0.20,54816,45901,6,28772,11,12,100,16,127,40,9.090909090909092,42.337489931559944,10.117390698459337,435.95785228697474,PortScan
192.168.1.41,1.1.1.1,55728,21,6,32946,31,29,4052,2257,336,40,130.70967741935485,38.35860132471499,439.1700357108648,508.7326507013011,BENIGN
10.0.0.109,93.184.216.34,59490,8080,6,27287,21,12,1059,586,606,40,50.42857142857143,53.22758057650162,136.6347195013169,671.4529179150849,Web Attack
10.0.0.112,172.16.0.30,44288,8080,6,29522,6,8,451,297,1342,40,75.16666666666667,80.98393678678895,59.380629211251645,661.2205123757363,Web Attack
192.168.1.49,104.244.42.1,10073,53,6,74516,14,20,4349,3918,1116,40,310.64285714285717,37.68247761856958,454.38463223157765,460.203868487567,BENIGN
192.168.1.18,172.16.0.20,50010,22,6,27318,12,8,3503,3221,1144,40,291.9166666666667,87.64605967066406,941.1633079657795,502.29296750257527,BENIGN
10.0.0.103,104.244.42.1,25257,21,6,92851,17,15,94,62,410,40,5.529411764705882,79.93720064117673,10.887262258908383,343.50514734601666,FTP-Patator
192.168.1.35,172.16.0.30,50580,80,6,61686,20,34,286,217,1129,40,14.3,37.927646803379375,120.48830990625909,461.16465327004767,BENIGN
10.0.0.117,1.1.1.1,11570,80,17,1739,17,21,309,238,1493,40,18.176470588235293,93.74944504708476,309.0,928.699610220696,DDoS
192.168.1.45,8.8.8.8,22556,443,6,1371,39,17,1308,296,306,40,33.53846153846154,54.02154568631514,163.39202129575162,110.81642154154612,BENIGN
192.168.1.48,8.8.8.8,37205,443,6,38101,50,24,2734,1909,1132,40,54.68,64.87213399951126,867.0060275882719,360.28497336286097,BENIGN
10.0.0.108,172.16.0.20,14007,8080,6,86491,26,36,599,200,1189,40,23.03846153846154,61.59968375942019,81.13111383284654,246.99959466660596,Bot
10.0.0.111,1.1.1.1,7810,80,6,79714,43,38,208,82,1072,40,4.837209302325581,88.13905670096176,49.00135031608918,609.3846998661334,DDoS
192.168.1.22,172.16.0.10,60761,443,6,23701,42,38,77,1,498,40,1.8333333333333333,25.239044136065147,9.541101356808372,306.1542386861722,DDoS
10.0.0.108,1.1.1.1,3327,80,6,43624,23,30,1858,956,1147,40,80.78260869565217,93.485757166456,335.949191571233,135.97979308346441,DoS Hulk
10.0.0.107,172.16.0.20,38795,8080,6,5963,3,36,1703,989,1483,40,567.6666666666666,36.85785987463919,291.37703938963324,961.7760119051245,Web Attack
10.0.0.112,8.8.8.8,18135,80,6,67353,27,6,858,572,188,40,31.77777777777778,50.31691662538932,247.57172285216308,117.89198852434225,DoS Hulk
192.168.1.20,1.1.1.1,44863,80,6,32502,29,39,187,159,539,40,6.448275862068965,95.88968160739336,27.270373542757476,321.61607349657436,DDoS
10.0.0.112,172.16.0.20,61782,6667,6,65217,40,20,549,468,545,40,13.725,42.755568329145575,70.5245277348799,608.3220279633733,Bot
10.0.0.115,172.16.0.10,9853,80,6,6136,33,36,332,75,154,40,10.06060606060606,16.634136630788177,35.96099913729151,517.1240519455082,DDoS
192.168.1.36,172.16.0.20,63038,80,6,65569,20,7,404,49,520,40,20.2,88.72593085285023,279.95790721022956,454.19011313200366,BENIGN
192.168.1.12,172.16.0.20,45876,53,6,98880,15,5,2454,1777,241,40,163.6,76.03696929942654,347.1731386687275,101.40673308249463,BENIGN
192.168.1.39,172.16.0.10,21308,6697,6,59491,50,18,847,641,410,40,16.94,11.755397840247984,603.8986549515313,203.64885357416685,Bot
192.168.1.44,172.16.0.30,52444,443,6,25957,27,6,3974,397,1389,40,147.1851851851852,43.10511824063775,925.6006294909582,467.5576433686383,BENIGN
10.0.0.117,8.8.8.8,58319,8901,6,55949,9,12,64,31,1331,40,7.111111111111111,99.40872773689632,11.67414294375766,20.51045333902688,PortScan
192.168.1.18,8.8.8.8,35017,6667,6,97360,26,2,650,571,833,40,25.0,51.61266830947985,102.4683736486831,50.24615373209477,Bot
192.168.1.41,172.16.0.30,15291,22,6,97434,38,34,579,62,682,40,15.236842105263158,5.716527290748308,98.41318202621837,503.34753253659403,BENIGN
192.168.1.28,172.16.0.10,52791,443,17,47934,36,4,303,162,1116,40,8.416666666666666,21.996201542755745,157.78751158625442,69.10829263532145,DDoS
192.168.1.46,172.16.0.30,9100,80,6,76067,1,38,31,25,1140,40,31.0,54.75254501922383,31.0,210.8428377997002,DDoS
192.168.1.29,172.16.0.10,4006,22,6,39290,36,8,546,502,250,40,15.166666666666666,87.27197349985346,94.41081451776407,469.9275479855797,BENIGN
192.168.1.34,172.16.0.10,28288,80,6,64265,38,36,476,347,937,40,12.526315789473685,18.12605605373021,123.33099247123852,359.2403159122695,DDoS
10.0.0.118,8.8.8.8,54813,55901,6,10567,31,1,88,75,178,40,2.838709677419355,1.3793425725290742,39.358543557499694,922.6567096442609,PortScan
192.168.1.32,172.16.0.10,35985,80,17,98878,9,25,122,101,1157,40,13.555555555555555,29.497846931319128,19.1310965695771,298.75844671287945,DDoS
192.168.1.20,172.16.0.10,45463,25,6,17545,3,4,3689,966,1361,40,1229.6666666666667,36.63284731071486,948.2660155488575,567.6773970823954,BENIGN
192.168.1.33,93.184.216.34,9528,25,6,41539,5,25,806,734,1020,40,161.2,52.56956548303001,104.47547735131728,823.5160601088822,BENIGN
192.168.1.22,172.16.0.30,17911,8080,6,4862,25,35,999,971,613,40,39.96,22.558269762775428,286.7654792044612,393.4537500685068,Bot
192.168.1.12,172.16.0.20,19710,80,6,26362,5,20,327,248,962,40,65.4,32.83460782195809,49.33406343782102,693.7646712182891,DDoS
192.168.1.26,104.244.42.1,7072,80,6,6778,18,0,3569,1366,307,40,198.27777777777777,63.71133773013796,1325.1120701809834,741.4896774395829,BENIGN
10.0.0.115,151.101.1.69,37402,443,6,24091,29,19,599,415,182,40,20.655172413793103,59.8259181594436,86.98132184968117,596.8090096084179,Web Attack
192.168.1.35,172.16.0.30,34925,80,6,8441,16,38,401,206,1392,40,25.0625,31.958573818769864,269.9787407396647,26.429815849253227,DDoS
10.0.0.102,172.16.0.30,64257,4301,6,76220,11,27,43,25,1056,40,3.909090909090909,2.948229300029148,6.264744115485199,173.6344046189584,PortScan
10.0.0.105,172.16.0.20,51410,41001,6,38002,30,19,96,41,216,40,3.2,55.30913953240676,96.0,201.47048229950286,PortScan
192.168.1.18,151.101.1.69,12875,443,6,58366,47,2,1456,841,786,40,30.97872340425532,67.63629221885328,593.9102189557308,444.7545110954704,BENIGN
192.168.1.11,151.101.1.69,62807,80,6,99759,20,24,2981,1716,1142,40,149.05,74.75156689780508,541.3395788668571,603.6493363523001,BENIGN
10.0.0.111,172.16.0.10,63230,22301,6,65843,14,17,92,41,620,40,6.571428571428571,33.77551551707874,15.803370238827048,566.5759688062232,PortScan
192.168.1.21,151.101.1.69,64744,80,6,88994,42,24,2921,2148,692,40,69.54761904761905,69.63084073090899,705.2547404551447,300.5886059409657,BENIGN
192.168.1.37,1.1.1.1,20303,80,6,90477,12,4,239,47,395,40,19.916666666666668,73.50794860262188,186.4852454716476,41.59359873890353,DDoS
192.168.1.34,172.16.0.30,38547,80,6,3482,13,28,1000,321,897,40,76.92307692307692,15.143125811934544,144.17630282501221,410.96703191338236,BENIGN
10.0.0.104,1.1.1.1,51318,40001,6,58342,45,15,59,3,540,40,1.3111111111111111,8.621279839148933,13.404863724312667,453.91847045484553,PortScan
10.0.0.102,172.16.0.20,59036,2701,6,80551,34,32,53,12,842,40,1.5588235294117647,29.554205124206668,53.0,898.0146477966326,PortScan
10.0.0.109,172.16.0.10,4598,8080,6,20356,40,18,348,7,743,40,8.7,69.37952250561176,289.60128565410696,450.61150906770763,Bot
10.0.0.119,172.16.0.10,63257,33901,6,13924,1,16,46,14,1085,40,46.0,74.68530276328158,8.179035790843868,687.9767443884921,PortScan
192.168.1.11,93.184.216.34,16826,22,6,77271,50,21,949,136,130,40,18.98,35.22990461141895,274.94353071447415,643.1528205865177,BENIGN
192.168.1.15,8.8.8.8,26550,80,17,71101,8,0,354,328,1306,40,44.25,6.3237590759698925,47.295124954036964,46.47133693233978,DDoS
192.168.1.48,151.101.1.69,52563,53,6,80457,28,32,2669,473,828,40,95.32142857142857,89.95047329111996,1346.7691561873473,45.34214717951786,BENIGN
192.168.1.28,151.101.1.69,45516,22,6,83691,4,21,4997,539,715,40,1249.25,9.450594751509433,733.1327192199445,284.8628269042356,BENIGN
10.0.0.104,93.184.216.34,2053,8080,6,64792,47,27,789,139,213,40,16.78723404255319,13.722026826622258,97.66275349104014,860.2926092935548,Web Attack
10.0.0.109,1.1.1.1,57807,42001,6,64646,42,36,64,60,116,40,1.5238095238095237,17.219972815673156,15.65005618135508,618.6262441131964,PortScan
192.168.1.43,1.1.1.1,13888,22,6,17406,18,40,4612,2480,1298,40,256.22222222222223,53.347802976838054,908.6835789526197,169.4672658459591,BENIGN
192.168.1.38,93.184.216.34,17570,80,6,9564,8,25,4013,2014,191,40,501.625,57.70211564708181,581.942940155744,152.57527994400547,BENIGN
192.168.1.49,151.101.1.69,42581,80,6,65304,29,14,2339,1457,1172,40,80.65517241379311,94.11428449707255,534.5925652114635,680.0151632300707,BENIGN
192.168.1.16,172.16.0.30,59332,80,6,73512,48,9,976,278,617,40,20.333333333333332,60.482982703022394,135.47350654047705,204.39371501512548,BENIGN
192.168.1.25,172.16.0.20,7440,25,6,71855,42,0,514,95,524,40,12.238095238095237,16.6311110603914,104.73023815377174,214.53355189998248,BENIGN
10.0.0.112,172.16.0.20,61256,39001,6,6848,29,16,51,28,992,40,1.7586206896551724,26.340080966235902,6.080781648893221,564.6823413266072,PortScan
192.168.1.45,172.16.0.10,21636,80,6,16194,21,25,2167,2107,42,40,103.19047619047619,65.7660386483129,396.0394893007162,413.8343232285222,BENIGN
10.0.0.113,8.8.8.8,55895,21901,6,93243,49,4,57,36,248,40,1.163265306122449,79.95023568867097,10.525924678673253,366.4272363831023,PortScan
10.0.0.101,172.16.0.20,12007,21,6,63420,26,19,168,121,1130,40,6.461538461538462,23.3661311714357,24.465727527399363,390.68041613783674,FTP-Patator
192.168.1.15,93.184.216.34,9294,80,6,83978,40,37,2352,2246,1498,40,58.8,32.51854433186679,236.45760490225544,531.0262805938933,BENIGN
10.0.0.111,1.1.1.1,55320,57601,6,72057,32,19,93,22,1044,40,2.90625,3.796374120009971,93.0,602.061123658643,PortScan
10.0.0.104,172.16.0.10,62717,35201,6,30820,38,35,88,7,832,40,2.3157894736842106,81.84052148653736,20.732920316036928,535.9788975669508,PortScan
192.168.1.32,172.16.0.20,19700,22,6,72200,29,19,1392,1252,1379,40,48.0,52.894069260227006,207.39451690988554,555.0476802071881,BENIGN
10.0.0.104,172.16.0.30,52210,28001,6,33819,24,5,81,47,1400,40,3.375,90.38002688356579,46.58657615321141,396.945225365301,PortScan
10.0.0.112,172.16.0.20,52202,56001,6,81431,39,30,61,45,103,40,1.564102564102564,43.13233341458608,9.283230743574947,607.7103080292308,PortScan
192.168.1.35,1.1.1.1,60596,6697,6,87013,10,36,888,161,690,40,88.8,6.781404135629754,165.16876099348562,719.721065284825,Bot
192.168.1.48,172.16.0.30,31318,443,6,84886,18,35,3208,899,1442,40,178.22222222222223,32.428273441532184,416.28254295774275,56.88200960173466,BENIGN
192.168.1.41,8.8.8.8,11178,443,6,14256,19,32,732,552,1118,40,38.526315789473685,3.774749235756125,213.16452365222216,766.5412968427943,BENIGN
192.168.1.39,93.184.216.34,19259,21,6,11735,17,30,3553,79,1144,40,209.0,5.208560824325548,373.0573447771063,224.99794355402844,BENIGN
192.168.1.13,172.16.0.20,48748,21,6,33591,7,12,2879,779,1138,40,411.2857142857143,44.86135478331319,673.1938906610243,279.2665995222735,BENIGN
10.0.0.117,151.101.1.69,31234,8080,6,55190,38,15,1841,1271,539,40,48.44736842105263,54.79490172790011,188.9847233119723,384.4326423182627,Web Attack
192.168.1.29,172.16.0.10,64238,8080,6,12939,1,9,1802,965,1269,40,1802.0,43.5377434552764,1802.0,222.5484743748925,DoS Hulk
192.168.1.17,151.101.1.69,20237,25,6,26203,37,4,3062,187,1394,40,82.75675675675676,22.789827565154685,1032.735614498885,80.71218494670387,BENIGN
10.0.0.110,172.16.0.20,53810,50101,6,36221,41,40,76,53,808,40,1.853658536585366,45.19917225503644,11.925469224576076,880.2449562260161,PortScan
192.168.1.12,172.16.0.30,28047,6697,6,57438,41,20,882,623,532,40,21.51219512195122,56.31447028042841,397.6755284928565,765.9425114146505,Bot
192.168.1.21,172.16.0.20,27796,80,6,78832,45,30,3790,1192,106,40,84.22222222222223,23.147623455602584,533.8883356010347,703.2845705356234,BENIGN
192.168.1.29,1.1.1.1,34272,22,6,61521,20,28,707,38,156,40,35.35,36.873759948981274,240.30759730682368,645.0218031062616,BENIGN
192.168.1.37,1.1.1.1,16595,443,6,38701,45,3,271,195,833,40,6.022222222222222,41.65662374846784,34.29379519403586,685.4636142428318,DDoS
192.168.1.37,172.16.0.30,8021,6667,6,4433,12,39,234,157,586,40,19.5,60.560451125385676,37.97231713170085,596.7643319290157,Bot
192.168.1.40,8.8.8.8,23939,21,6,30219,15,1,2600,791,856,40,173.33333333333334,32.82619511977065,300.33172357008243,966.9222149443128,BENIGN
192.168.1.23,8.8.8.8,37091,6697,6,23398,3,21,489,289,1390,40,163.0,86.26724790788421,286.7987159716905,145.46276654070536,Bot
10.0.0.119,8.8.8.8,34409,443,6,59988,36,24,1937,727,502,40,53.80555555555556,18.579103369095805,318.3093485864969,578.3605622772783,Web Attack
192.168.1.45,151.101.1.69,5955,80,6,5722,35,23,1321,1192,1171,40,37.74285714285714,14.809378556748264,970.1033100053687,308.95009158020355,BENIGN
192.168.1.19,1.1.1.1,49847,443,6,35438,35,37,4698,3509,1235,40,134.22857142857143,39.940050514039726,2068.4412646612873,997.5400688886151,BENIGN
10.0.0.106,172.16.0.30,58294,8080,6,43904,20,9,2344,402,1097,40,117.2,67.67172887378956,1657.8260489361055,724.8460616209803,Web Attack
192.168.1.32,93.184.216.34,7761,443,6,26856,17,11,1299,1233,353,40,76.41176470588235,76.02152955468921,197.1306277660148,177.96898281828192,BENIGN
192.168.1.34,104.244.42.1,10695,443,6,14970,49,27,145,56,400,40,2.9591836734693877,80.4109856173143,20.745324909597493,465.0853346896779,BENIGN
192.168.1.35,93.184.216.34,3780,22,6,11358,46,22,2456,1811,1383,40,53.391304347826086,25.64439754734821,507.1357569262059,202.8659391933959,BENIGN
10.0.0.102,172.16.0.10,63555,21,6,75349,8,34,173,91,722,40,21.625,68.18357356103365,42.54705348477192,632.6402540729848,FTP-Patator
192.168.1.28,104.244.42.1,16698,25,6,26430,31,23,2635,2336,942,40,85.0,46.16799784409892,911.9098056361986,382.49056175651975,BENIGN
192.168.1.48,172.16.0.30,39214,80,6,41662,23,25,1258,264,1258,40,54.69565217391305,70.88340143710539,1258.0,559.3631480209725,BENIGN
192.168.1.46,93.184.216.34,20800,443,6,69321,43,14,1273,846,655,40,29.6046511627907,27.515392050860545,226.85518569703407,592.0754551204604,BENIGN
192.168.1.44,8.8.8.8,53455,80,6,2276,31,11,806,431,1063,40,26.0,13.447168466122273,90.12255607149403,631.0213325060156,DoS Hulk
192.168.1.41,104.244.42.1,31792,53,6,49589,14,20,2723,1695,133,40,194.5,56.25247274643543,1188.7644566956203,146.776790389446,BENIGN
192.168.1.32,151.101.1.69,34773,22,6,42827,7,15,4701,3821,290,40,671.5714285714286,26.747167445418242,1840.3561059369763,97.71484090801087,BENIGN
10.0.0.103,1.1.1.1,62605,8080,6,66860,3,22,1607,806,1445,40,535.6666666666666,77.59039638549116,347.36627218717797,121.24781223048502,DoS Hulk
192.168.1.42,8.8.8.8,64895,80,6,51436,16,28,1963,506,108,40,122.6875,19.917987630393075,266.0001345925777,94.86634366674703,DoS Hulk
192.168.1.42,151.101.1.69,6897,80,6,13198,36,38,2999,2449,704,40,83.30555555555556,86.37181772681916,2999.0,414.39625969835924,BENIGN
192.168.1.34,8.8.8.8,52958,6667,6,53632,36,32,284,172,1386,40,7.888888888888889,15.81764558993315,28.444110092478713,443.5691578282896,Bot
10.0.0.111,172.16.0.20,17374,80,6,7626,30,23,26,22,447,40,0.8666666666666667,27.397749847435893,3.150479393142155,505.6212485622267,DDoS
10.0.0.114,8.8.8.8,21404,80,6,78894,44,5,380,170,996,40,8.636363636363637,88.91858759979885,339.06834372819105,766.4140047380722,Web Attack
192.168.1.47,172.16.0.30,41949,53,6,6399,37,1,2865,332,133,40,77.43243243243244,94.85468539703915,370.4842886704382,265.3912519252214,BENIGN
192.168.1.34,172.16.0.30,7119,8080,6,99145,44,21,1317,155,1175,40,29.931818181818183,93.13962398356627,273.3556683596902,354.18438828995494,DoS Hulk
192.168.1.22,93.184.216.34,29993,53,6,36003,14,35,522,134,629,40,37.285714285714285,43.811609507237826,74.43664201452492,122.30465727925723,BENIGN
10.0.0.114,1.1.1.1,51929,30401,6,42049,9,7,83,30,665,40,9.222222222222221,11.694890397075197,21.86667591152297,142.21718472476329,PortScan
192.168.1.45,8.8.8.8,22527,443,6,16235,29,13,4362,4004,226,40,150.41379310344828,89.88893517134737,967.1242812090451,56.58017002030358,BENIGN
10.0.0.106,1.1.1.1,61632,22,6,97398,3,9,98,62,1379,40,32.666666666666664,1.9063006872084953,10.791678772781326,618.7537109684638,SSH-Patator
192.168.1.43,172.16.0.10,18048,8080,6,74446,24,35,1239,527,744,40,51.625,1.9835333613759998,952.8928364619721,867.5012153901627,DoS Hulk
10.0.0.112,172.16.0.10,43081,8080,6,87235,25,31,956,538,1317,40,38.24,70.13140215747126,362.9748285076978,366.9876660742019,Bot
10.0.0.112,172.16.0.10,56936,33901,6,63287,48,17,43,23,81,40,0.8958333333333334,33.786608142693275,5.40394121716811,311.6383485500984,PortScan
192.168.1.41,104.244.42.1,61589,53,6,84269,42,39,4724,2647,1324,40,112.47619047619048,31.613889449058018,1060.7025706973814,469.45216244284694,BENIGN
10.0.0.106,172.16.0.20,63766,28601,6,5541,10,39,96,79,1303,40,9.6,24.578477924524545,31.7718662058956,412.5802140898689,PortScan
192.168.1.28,151.101.1.69,64114,443,6,76718,21,20,1408,388,366,40,67.04761904761905,49.82655420599088,270.98936228676445,499.2609486892565,BENIGN
192.168.1.14,104.244.42.1,34659,22,6,60245,7,32,4963,1814,1299,40,709.0,4.336503689917171,631.9115516787897,867.1139268520784,BENIGN
192.168.1.11,104.244.42.1,52332,53,6,30824,37,3,4838,4780,1023,40,130.75675675675674,17.051206174665936,764.6171123997333,620.1160696955883,BENIGN
10.0.0.115,1.1.1.1,52072,80,6,11287,8,31,718,628,53,40,89.75,76.4244212635527,131.48757134792783,43.22086360426675,DoS Hulk
10.0.0.113,172.16.0.30,1556,8080,6,53978,33,8,2704,1204,167,40,81.93939393939394,36.92228935739077,488.61910933128297,54.074183865207864,Web Attack
192.168.1.27,172.16.0.30,64422,21,6,45396,48,7,2517,1918,194,40,52.4375,14.075701500588266,260.33392048802864,860.280456301923,BENIGN
10.0.0.105,172.16.0.10,57339,46301,6,14357,30,8,46,7,64,40,1.5333333333333334,6.166918449381232,5.873712173250755,223.06584455508383,PortScan
192.168.1.33,8.8.8.8,8771,53,6,21934,20,25,3912,2810,1069,40,195.6,92.3106013947117,440.0829138454735,770.0712064107281,BENIGN
192.168.1.28,8.8.8.8,57132,25,6,68538,28,20,3421,355,860,40,122.17857142857143,66.92558534099543,1773.1508356732902,141.47126375866415,BENIGN
192.168.1.21,151.101.1.69,49184,22,6,32775,37,20,4122,3080,614,40,111.4054054054054,81.6494515432913,1033.0677455586033,114.77393578838613,BENIGN
10.0.0.107,8.8.8.8,57051,11501,6,78847,41,4,71,67,64,40,1.7317073170731707,98.68825328431889,7.596953516569921,132.85089785196934,PortScan
192.168.1.26,93.184.216.34,6287,53,6,70942,44,24,2791,1297,1323,40,63.43181818181818,71.8717425222983,366.36537878581316,872.5106343811377,BENIGN
10.0.0.102,104.244.42.1,50356,21,6,51222,50,15,155,112,1345,40,3.1,16.72832609031851,26.633225878901484,841.9912022034126,FTP-Patator
10.0.0.105,1.1.1.1,62017,8080,6,87006,40,33,1320,586,1497,40,33.0,96.35298222115082,1320.0,773.8348437801636,DoS Hulk
10.0.0.112,172.16.0.30,65033,55701,6,66849,37,20,62,24,593,40,1.6756756756756757,17.981587369786922,19.036577735677653,219.80116788502144,PortScan
192.168.1.43,151.101.1.69,53535,443,6,7839,17,30,1233,760,1175,40,72.52941176470588,93.42935539974997,172.6196971755205,516.3934781649327,BENIGN
192.168.1.15,172.16.0.20,47999,80,17,55325,7,2,183,162,1416,40,26.142857142857142,58.881110789790135,23.63047448376434,451.05409236200506,DDoS
192.168.1.38,172.16.0.10,44497,80,6,44078,11,22,341,224,1313,40,31.0,26.830939858016023,46.348066872730946,373.24953112117436,DDoS
10.0.0.100,172.16.0.20,61108,11301,6,93345,24,25,44,37,246,40,1.8333333333333333,33.65610711408045,13.358545672383816,975.8848107110439,PortScan
192.168.1.10,8.8.8.8,11167,80,6,77725,42,16,1372,535,1137,40,32.666666666666664,42.35615474333632,368.8294455797339,276.2849823371088,DoS Hulk
10.0.0.118,172.16.0.30,8263,8080,6,87362,34,4,697,44,305,40,20.5,17.86388000361083,697.0,107.9481133214005,DoS Hulk
10.0.0.104,172.16.0.20,49429,54301,6,22511,42,28,79,44,476,40,1.880952380952381,62.80800383409025,49.418120542168104,412.2981844653184,PortScan
10.0.0.118,1.1.1.1,13411,8080,6,98471,46,0,511,120,1104,40,11.108695652173912,0.7194052450581467,77.65949662032139,688.0789700409983,DoS Hulk
10.0.0.102,8.8.8.8,60952,52301,6,75302,32,10,43,23,362,40,1.34375,25.51160810390781,38.43545671354316,574.3383928868644,PortScan
192.168.1.34,1.1.1.1,42380,8080,6,58013,37,33,1802,1310,1349,40,48.7027027027027,53.37841310326853,198.05812467910545,482.1700310195122,DoS Hulk
10.0.0.113,8.8.8.8,54361,5701,6,94004,20,32,44,25,317,40,2.2,78.0516429627652,8.316898717469437,569.1036273011506,PortScan
192.168.1.24,8.8.8.8,4052,80,6,81120,31,4,2105,1865,888,40,67.90322580645162,88.61369090509815,362.98473718892734,718.6275695834896,BENIGN
192.168.1.15,8.8.8.8,25975,53,6,36247,9,19,1488,549,1049,40,165.33333333333334,14.593482064654783,847.692614094806,276.6859097308012,BENIGN
192.168.1.21,172.16.0.30,60708,25,6,68908,8,9,553,311,377,40,69.125,16.196695955589966,59.11969649777938,226.24481443075123,BENIGN
192.168.1.20,172.16.0.10,26102,80,6,89724,15,14,1797,1638,686,40,119.8,41.242597218934954,499.770135198257,536.1162554898372,DoS Hulk
10.0.0.119,172.16.0.10,54012,33501,6,33534,46,22,45,25,1091,40,0.9782608695652174,4.8950617590422745,14.712983826565035,820.2695261961663,PortScan
192.168.1.29,172.16.0.30,33636,6697,6,72237,32,0,975,622,1050,40,30.46875,23.787835401947678,164.4255037899502,476.23627781335074,Bot
192.168.1.14,1.1.1.1,4567,443,17,19004,10,12,455,175,878,40,45.5,98.71915993795065,50.89959883426188,986.6626066275974,DDoS
192.168.1.47,151.101.1.69,41723,25,6,98004,40,6,593,212,1321,40,14.825,21.102519530539297,89.33092638970959,157.90003628749628,BENIGN
192.168.1.15,151.101.1.69,37351,25,6,75928,29,12,436,164,1279,40,15.03448275862069,47.56290279430695,273.60731285773187,62.811826400999614,BENIGN
192.168.1.39,172.16.0.20,42933,53,6,7629,2,21,4991,1995,297,40,2495.5,78.69780999763158,2341.5048525819716,829.9880193799154,BENIGN
192.168.1.19,1.1.1.1,6934,6697,6,91664,21,10,356,63,226,40,16.952380952380953,11.416493882407774,78.25819524144524,363.5804457680973,Bot
192.168.1.12,93.184.216.34,5361,22,6,95098,37,20,1828,435,1382,40,49.4054054054054,49.92312594922773,206.35866399732154,643.2090183302238,BENIGN
192.168.1.33,172.16.0.10,43951,80,6,12382,11,17,500,399,858,40,45.45454545454545,35.3127663356528,124.62870433179648,586.4940850444888,DoS Hulk
10.0.0.107,172.16.0.20,48226,443,17,89503,31,30,68,61,471,40,2.193548387096774,59.079089880918154,10.448893021529923,411.48830795603686,DDoS
192.168.1.44,172.16.0.20,49097,443,6,11022,41,4,463,456,78,40,11.292682926829269,84.95872729061418,72.87778135608808,812.8297574319586,DDoS
192.168.1.44,1.1.1.1,8182,443,6,32779,16,3,4907,4350,502,40,306.6875,63.794457340863765,4907.0,413.88806468221037,BENIGN
192.168.1.31,104.244.42.1,40755,443,6,43987,9,39,4323,2609,372,40,480.3333333333333,39.29545878664831,696.8809815462091,842.7593254367641,BENIGN
192.168.1.21,104.244.42.1,20733,443,6,8552,30,35,1282,845,893,40,42.733333333333334,55.72867581992731,898.0620829439382,243.61565757349618,BENIGN
192.168.1.40,172.16.0.20,39105,80,6,91230,31,38,1914,317,800,40,61.74193548387097,77.07970000019661,746.9704557218483,500.4192873784165,DoS Hulk
192.168.1.13,172.16.0.10,4203,53,6,19021,27,40,152,59,179,40,5.62962962962963,70.71695637034598,152.0,506.22718677337207,BENIGN
10.0.0.115,93.184.216.34,11207,443,6,71381,30,21,2769,1894,887,40,92.3,92.7789976765101,2769.0,521.5521511662333,Web Attack
192.168.1.26,172.16.0.30,20582,53,6,27071,39,9,4258,3063,370,40,109.17948717948718,53.937903011962575,545.3100294408384,530.8233185229823,BENIGN
192.168.1.38,172.16.0.10,41531,8080,6,86830,6,24,818,316,509,40,136.33333333333334,24.739651931519223,280.77784513863185,626.8542039415635,DoS Hulk
192.168.1.17,93.184.216.34,19586,80,6,70066,32,19,4958,372,491,40,154.9375,39.526339608762896,821.770170437655,8.67939881398299,BENIGN
192.168.1.24,8.8.8.8,50541,53,6,13735,41,40,1220,80,672,40,29.75609756097561,78.86104840101538,1220.0,365.4963717954413,BENIGN
192.168.1.45,8.8.8.8,9762,21,6,70616,43,35,3906,2438,689,40,90.83720930232558,95.0039608443156,437.6413380777887,613.039670439001,BENIGN
192.168.1.43,1.1.1.1,14189,80,17,94635,40,18,117,87,747,40,2.925,92.11917644170948,82.77617930734264,710.6860472368917,DDoS
192.168.1.44,8.8.8.8,50486,53,6,69879,6,28,4980,4326,1481,40,830.0,36.17848685242437,542.4409622784929,113.09658274573299,BENIGN
10.0.0.117,172.16.0.10,10138,443,6,51409,36,23,970,860,894,40,26.944444444444443,15.426729089372504,97.24491300737986,670.3960158409446,Web Attack
192.168.1.12,8.8.8.8,3606,80,17,28222,32,30,290,169,520,40,9.0625,0.27379990573926927,42.968259126150706,906.9731642255223,DDoS
10.0.0.117,172.16.0.20,36087,443,6,60511,31,32,244,231,1000,40,7.870967741935484,57.39653016165982,72.14690426962542,353.5616271244042,Web Attack
192.168.1.31,151.101.1.69,22961,21,6,78908,42,8,3627,1230,696,40,86.35714285714286,60.3211268389813,519.3749833507736,479.5307326530598,BENIGN
192.168.1.43,1.1.1.1,63246,80,17,68070,50,4,56,46,247,40,1.12,90.47793839565821,8.643396885286426,457.2944835102354,DDoS
10.0.0.101,172.16.0.30,41408,6697,6,82681,29,9,941,451,131,40,32.44827586206897,92.42132069034272,390.2059535201498,685.6738682348055,Bot
192.168.1.29,104.244.42.1,62970,80,6,60930,33,15,3321,881,1234,40,100.63636363636364,35.289508885635534,3321.0,495.3993093216512,BENIGN
10.0.0.112,172.16.0.30,64808,80,6,83956,16,27,731,332,70,40,45.6875,16.736035640828607,257.99480058519765,120.52994241872793,DoS Hulk
192.168.1.40,1.1.1.1,29265,80,6,96355,17,23,1197,825,789,40,70.41176470588235,4.524239451126466,1197.0,562.2550483007777,BENIGN
10.0.0.110,172.16.0.30,43007,80,6,37913,45,16,1024,138,670,40,22.755555555555556,30.02839945755126,184.67298503258945,767.2655683839704,Web Attack
10.0.0.109,172.16.0.30,32978,80,6,24176,41,20,180,162,158,40,4.390243902439025,0.4713501423993849,64.10425720843406,761.4320879337841,DDoS
192.168.1.19,151.101.1.69,16597,22,6,7258,8,15,2567,1719,1348,40,320.875,79.38991086394381,554.9760526624809,111.74703739472498,BENIGN
192.168.1.20,172.16.0.30,59883,8080,6,65330,18,11,1676,1565,1086,40,93.11111111111111,28.026662318318706,729.101872077565,577.0885211610623,DoS Hulk
192.168.1.16,93.184.216.34,44612,22,6,21006,24,30,2188,274,226,40,91.16666666666667,83.17718884748545,2138.853411621524,97.46786813321984,BENIGN
192.168.1.14,172.16.0.10,28262,21,6,27741,30,21,4066,2484,334,40,135.53333333333333,31.258249924693303,563.7988010191352,734.4655550497423,BENIGN
10.0.0.111,172.16.0.10,61481,101,6,96317,48,19,94,13,460,40,1.9583333333333333,52.98144890600125,38.24466452135875,492.5368479730477,PortScan
10.0.0.105,104.244.42.1,44338,8080,6,74685,37,11,2636,1865,1225,40,71.24324324324324,36.01886475941525,2636.0,768.7434710189341,Web Attack
192.168.1.33,172.16.0.30,63717,25,6,44207,36,7,4700,3365,764,40,130.55555555555554,87.36073722343185,499.0875351627564,423.51391890811954,BENIGN
10.0.0.119,172.16.0.10,15102,6667,6,3844,21,17,976,941,1173,40,46.476190476190474,51.1271488341116,169.75048954230365,572.0402184244995,Bot
192.168.1.31,172.16.0.30,19824,80,6,19191,45,30,3970,1837,1300,40,88.22222222222223,0.5251198305617932,3970.0,256.6680045086076,BENIGN
192.168.1.41,104.244.42.1,49046,443,6,19344,11,34,2985,2000,416,40,271.3636363636364,91.68993896943668,545.9878258586372,642.1676537191842,BENIGN
10.0.0.115,1.1.1.1,62858,54701,6,48124,3,34,74,10,263,40,24.666666666666668,76.89540479200406,11.194724811016227,355.6538106290411,PortScan
10.0.0.106,8.8.8.8,51905,64501,6,34924,38,4,77,2,172,40,2.026315789473684,19.77503366954332,11.854779992665975,809.4893666257169,PortScan
10.0.0.117,172.16.0.10,27453,443,6,11332,16,29,428,227,1213,40,26.75,44.809858566537386,49.88209341978666,447.62105179388425,DDoS
10.0.0.118,172.16.0.30,7565,80,17,6170,12,18,426,184,1426,40,35.5,31.270710696276428,57.47787149782195,95.90347186024971,DDoS
10.0.0.105,8.8.8.8,59807,80,6,57557,42,33,1889,861,798,40,44.976190476190474,87.48243007320036,269.600491251226,429.5273082126435,DoS Hulk
192.168.1.38,1.1.1.1,43521,8080,6,55120,18,12,1589,140,413,40,88.27777777777777,13.662403292652437,1332.4636176676167,455.88766963118076,DoS Hulk
192.168.1.31,172.16.0.30,2423,80,6,47945,25,8,1911,513,120,40,76.44,48.53021331625131,431.2552851266759,295.41988184445603,DoS Hulk
192.168.1.41,1.1.1.1,43913,443,6,47567,15,14,55,47,668,40,3.6666666666666665,42.0472568184811,6.193867274057954,372.31074733509627,DDoS
192.168.1.43,93.184.216.34,36680,25,6,73633,33,1,4256,3198,1002,40,128.96969696969697,4.353442516677664,1082.917187109065,373.9290847137317,BENIGN
10.0.0.101,172.16.0.20,8425,443,17,58761,27,2,464,32,575,40,17.185185185185187,65.49735688733901,464.0,868.4639395866616,DDoS
10.0.0.109,172.16.0.20,52270,9301,6,63496,14,4,40,8,1255,40,2.857142857142857,22.619086145940603,5.854947500104162,10.277660660851701,PortScan
10.0.0.101,172.16.0.30,36282,8080,6,72620,14,33,316,132,1163,40,22.571428571428573,48.30263303446918,43.13260963861855,142.20607350301788,Bot
10.0.0.102,8.8.8.8,64051,37701,6,43898,32,37,100,0,230,40,3.125,73.0931937487053,21.558007362606357,664.4796770110107,PortScan
192.168.1.35,104.244.42.1,64837,22,6,91710,32,31,1630,752,1103,40,50.9375,26.67206958021826,1630.0,425.07516165709546,BENIGN
10.0.0.103,8.8.8.8,26494,6667,6,87898,18,23,776,110,79,40,43.111111111111114,29.249557753958133,87.726409257395,387.1367029095996,Bot
192.168.1.14,172.16.0.10,48908,80,6,43233,1,33,201,48,76,40,201.0,67.674814167711,31.883503230546538,249.57429975300604,DDoS
10.0.0.113,172.16.0.10,4837,8080,6,96646,37,40,647,541,219,40,17.486486486486488,48.3662983209447,93.52850195575124,933.9577831133951,Web Attack
192.168.1.28,172.16.0.20,24296,8080,6,67904,44,31,1165,915,200,40,26.477272727272727,38.10709984128457,396.7195336134497,632.0804782929855,DoS Hulk
192.168.1.36,1.1.1.1,59218,443,17,45922,9,31,361,183,425,40,40.111111111111114,16.48835088914956,39.76536041161734,812.196308523329,DDoS
192.168.1.33,8.8.8.8,37206,8080,6,24425,31,23,1641,1145,1176,40,52.935483870967744,48.37601576281908,165.98842014826675,578.0735019371804,DoS Hulk
192.168.1.34,172.16.0.20,20757,80,6,14235,43,33,225,69,1315,40,5.232558139534884,60.563433692400416,154.32957448620678,830.8220677504189,DDoS
192.168.1.34,8.8.8.8,36650,80,6,96997,21,29,1212,563,1266,40,57.714285714285715,91.44740019780461,216.82539789028087,69.80770677779827,DoS Hulk
192.168.1.44,172.16.0.30,33865,443,6,53007,6,23,271,257,61,40,45.166666666666664,66.26784893786967,31.90104238442896,806.7335168709706,DDoS
192.168.1.16,93.184.216.34,43368,25,6,33472,3,28,1513,899,1113,40,504.3333333333333,52.27480352655456,905.1276329205684,373.4791301192258,BENIGN
192.168.1.14,8.8.8.8,14713,21,6,3009,20,13,2827,778,280,40,141.35,74.68792274562418,373.5527133938386,914.5268554788125,BENIGN
192.168.1.46,1.1.1.1,63306,443,6,8113,24,14,184,116,719,40,7.666666666666667,56.01508451060682,29.507967946105286,473.6605474124953,DDoS
192.168.1.42,8.8.8.8,41099,6697,6,78831,37,34,860,537,1353,40,23.243243243243242,87.57829718598168,108.99173393657759,521.1284421325249,Bot
10.0.0.119,151.101.1.69,7793,21,6,10229,5,36,58,46,553,40,11.6,77.72371653160606,58.0,498.20367640782456,FTP-Patator
10.0.0.111,8.8.8.8,18740,21,6,34468,7,37,118,50,984,40,16.857142857142858,77.31510153061978,15.69984028542291,734.5791423038986,FTP-Patator
10.0.0.101,172.16.0.10,21007,8080,6,52563,32,10,441,9,750,40,13.78125,68.43113552921494,121.88234364743252,303.0238853914183,Bot
10.0.0.108,172.16.0.20,57958,12901,6,4847,8,21,86,54,597,40,10.75,52.385421144866925,31.81412803529372,975.0755371904002,PortScan
192.168.1.32,1.1.1.1,1308,443,6,7366,48,35,281,221,1238,40,5.854166666666667,48.29319635359263,54.749193449019955,921.2411517297573,DDoS
192.168.1.30,8.8.8.8,26161,22,6,99796,29,17,2029,1953,715,40,69.96551724137932,30.19458396916147,279.60995600030606,12.424298459973823,BENIGN
192.168.1.14,1.1.1.1,47673,443,6,67683,24,14,1526,248,451,40,63.583333333333336,79.20656736111408,624.4659137520252,494.52791550947535,BENIGN
192.168.1.29,104.244.42.1,17519,22,6,82924,47,31,2120,800,977,40,45.1063829787234,10.6972367580902,680.334510402927,948.8746389321706,BENIGN
10.0.0.102,172.16.0.20,54653,32701,6,93925,6,40,80,42,954,40,13.333333333333334,1.139562029549801,36.766827822289024,693.4829002449436,PortScan
10.0.0.119,172.16.0.10,53065,17901,6,18984,46,0,40,10,1056,40,0.8695652173913043,95.30162017546976,7.578982819057156,783.2041144422021,PortScan
192.168.1.31,172.16.0.30,44963,53,6,48425,33,1,3568,1485,672,40,108.12121212121212,18.026292287684463,1606.8399892837986,947.7205992668125,BENIGN
192.168.1.17,1.1.1.1,18901,443,6,20313,33,27,3780,375,494,40,114.54545454545455,81.67032558555005,426.7408573877955,930.5414551991487,BENIGN
192.168.1.40,1.1.1.1,12015,443,6,45914,44,29,380,305,1249,40,8.636363636363637,6.884289704124469,98.84784034228826,133.0809852589782,DDoS
10.0.0.110,172.16.0.10,64805,13501,6,51209,15,5,44,6,251,40,2.933333333333333,31.33514774409062,4.987649304897147,137.99216544880207,PortScan
192.168.1.13,172.16.0.10,3688,8080,6,40833,5,4,851,221,1103,40,170.2,9.711925015766255,116.9084171918107,532.1293903510701,Bot
10.0.0.109,8.8.8.8,36518,8080,6,1094,30,40,1251,1036,816,40,41.7,73.36577414388529,141.4993423776068,620.1148719636534,DoS Hulk
192.168.1.39,104.244.42.1,5159,443,6,39462,3,12,3849,179,448,40,1283.0,88.5790385618105,1193.7109692100603,310.7658070539549,BENIGN
192.168.1.27,172.16.0.30,31861,80,17,77490,41,37,37,4,1007,40,0.9024390243902439,88.94260614703879,7.319882412076062,867.6302569435318,DDoS
10.0.0.107,172.16.0.20,51972,8080,6,8094,25,19,747,536,124,40,29.88,31.93165402109155,131.22212335629553,327.5047960273862,Bot
192.168.1.35,172.16.0.20,49901,22,6,44655,15,10,2881,312,1085,40,192.06666666666666,63.322466696818644,538.204110985625,194.70980256063345,BENIGN
192.168.1.23,8.8.8.8,1798,80,6,50732,14,37,1880,206,706,40,134.28571428571428,36.16023258326805,217.78829880941268,187.965289510897,DoS Hulk
192.168.1.48,172.16.0.10,36428,443,17,4238,19,33,380,191,1093,40,20.0,80.28167375082938,84.23827994094027,44.807809249591244,DDoS
192.168.1.48,172.16.0.30,25404,22,6,11077,49,36,3736,563,1124,40,76.24489795918367,36.69499486538324,1162.987655500169,279.41107653351156,BENIGN
10.0.0.109,172.16.0.10,8379,80,6,27489,3,5,1732,908,1076,40,577.3333333333334,2.4934774629959966,355.03694161724707,500.55425412150987,Web Attack
192.168.1.18,172.16.0.10,38011,25,6,85246,6,27,322,69,985,40,53.666666666666664,18.172902651343215,120.34919920544928,328.02531427479255,BENIGN
10.0.0.107,172.16.0.10,17935,8080,6,25032,26,21,1688,1615,705,40,64.92307692307692,45.328306769957194,1688.0,475.85902767460175,Web Attack
192.168.1.15,104.244.42.1,22867,21,6,14710,43,10,2730,1350,883,40,63.48837209302326,69.36736739834325,924.3720835167774,945.2483460236474,BENIGN
192.168.1.33,1.1.1.1,34271,443,17,87194,11,35,163,46,641,40,14.818181818181818,9.760306381270933,119.27001049186232,259.39319870964766,DDoS
192.168.1.33,172.16.0.20,2664,21,6,80964,21,14,4699,517,1341,40,223.76190476190476,82.38553513904476,516.206986791904,302.88798435472097,BENIGN
10.0.0.110,172.16.0.30,56806,27801,6,18840,13,37,44,6,358,40,3.3846153846153846,10.565775010269117,9.66881920393159,314.7192545243057,PortScan
192.168.1.28,172.16.0.10,8037,443,6,20516,34,15,889,196,1309,40,26.147058823529413,52.64559854002162,108.8044397443464,268.0574119399592,BENIGN
10.0.0.114,172.16.0.10,24995,8080,6,21410,17,19,1344,21,40,40,79.05882352941177,52.331624042525725,176.67693226382295,137.1641541610735,DoS Hulk
192.168.1.40,172.16.0.20,64234,80,6,54334,11,30,4608,3911,1372,40,418.90909090909093,19.94559746676017,477.87202665530305,321.8465344170475,BENIGN
192.168.1.14,172.16.0.30,32172,53,6,35741,11,33,4603,3466,473,40,418.45454545454544,92.89134930021768,607.4863129008986,690.1777644675218,BENIGN
192.168.1.23,104.244.42.1,6581,53,6,88012,33,40,2424,1372,231,40,73.45454545454545,81.84234645366642,321.64463113465166,673.1228748866099,BENIGN
192.168.1.21,151.101.1.69,49295,443,6,88806,27,15,2821,1092,366,40,104.48148148148148,78.73745091354711,2410.8088299105766,872.2946161231837,BENIGN
192.168.1.14,172.16.0.10,46924,22,6,8897,35,4,622,483,104,40,17.771428571428572,28.70907068913201,330.5319360236225,136.29343762294832,BENIGN
192.168.1.23,151.101.1.69,59285,21,6,85136,19,19,4569,3956,541,40,240.47368421052633,80.4688154215733,663.9628282998855,298.1364375583126,BENIGN
192.168.1.13,1.1.1.1,48275,8080,6,71642,43,24,629,194,1113,40,14.627906976744185,68.32241825576808,81.89285722683044,154.9773824172184,DoS Hulk
10.0.0.114,172.16.0.10,16360,443,17,28102,43,33,31,23,834,40,0.7209302325581395,46.967422901020896,6.737709432866692,47.39102004367694,DDoS
10.0.0.115,172.16.0.30,52414,4701,6,3134,30,7,80,20,943,40,2.6666666666666665,45.65181359699064,8.065167713017441,428.3715015658429,PortScan
192.168.1.39,151.101.1.69,8522,53,6,29183,47,27,4616,3699,507,40,98.2127659574468,41.381357117691344,556.7180431513337,399.3314540726963,BENIGN
192.168.1.49,151.101.1.69,33418,80,6,64904,12,13,2762,1453,569,40,230.16666666666666,34.03388431642836,313.32358756952016,701.4825665818694,BENIGN
10.0.0.101,172.16.0.20,50590,9501,6,69125,15,26,98,89,802,40,6.533333333333333,45.84580285441486,13.059346383224943,581.1898567488896,PortScan
10.0.0.103,151.101.1.69,25662,21,6,15528,12,11,194,64,643,40,16.166666666666668,46.69555772876578,20.70834850262668,639.1417273356789,FTP-Patator
192.168.1.35,172.16.0.30,59199,8080,6,48600,50,37,1411,1066,962,40,28.22,41.398906087367315,734.714691292255,24.07799122419108,DoS Hulk
192.168.1.23,93.184.216.34,56541,21,6,71206,6,12,3139,211,589,40,523.1666666666666,37.71679749613398,515.5030675400917,40.50800665279351,BENIGN
192.168.1.19,8.8.8.8,27736,21,6,62069,35,26,2810,255,463,40,80.28571428571429,83.28911693404876,710.3456890379489,770.0259765423485,BENIGN
10.0.0.102,172.16.0.20,46398,22,6,19754,14,40,112,34,1111,40,8.0,45.04191310110042,45.36962079135977,175.37438703274307,SSH-Patator
192.168.1.14,1.1.1.1,32786,6697,6,70672,39,5,987,190,447,40,25.307692307692307,50.065082286887886,212.98799520440764,926.423623053407,Bot
10.0.0.110,172.16.0.10,52923,4501,6,85930,22,6,41,10,539,40,1.8636363636363635,51.599390189687334,7.368916144496062,331.658665897616,PortScan
192.168.1.21,172.16.0.30,27539,443,17,5629,48,37,208,181,1211,40,4.333333333333333,81.6014701052868,59.47353696727446,713.655919917977,DDoS
10.0.0.100,1.1.1.1,60022,1,6,27406,40,8,98,43,403,40,2.45,91.8780787307206,11.586098515872193,324.26522249353235,PortScan
192.168.1.34,172.16.0.20,45171,6667,6,59407,26,38,849,589,1073,40,32.65384615384615,9.008295254473108,194.00556467111406,786.5819301897889,Bot
192.168.1.24,172.16.0.20,30738,22,6,49520,11,22,3088,858,1412,40,280.72727272727275,26.697782204911334,329.46115411364605,648.3873498613469,BENIGN
10.0.0.113,8.8.8.8,60844,17801,6,78194,43,11,54,24,668,40,1.255813953488372,73.39949733652058,17.906166193639457,178.53058020846632,PortScan
10.0.0.103,172.16.0.30,48498,443,6,4816,40,11,2530,794,716,40,63.25,83.38253001715007,274.0892587139068,479.62916508500933,Web Attack
192.168.1.11,172.16.0.30,50989,53,6,47009,22,0,2631,743,333,40,119.5909090909091,56.63210947613763,646.7925252272597,142.73277949711738,BENIGN
10.0.0.114,172.16.0.20,53739,10201,6,78276,8,24,88,44,919,40,11.0,31.450366818216935,59.28645240948293,277.6906892879005,PortScan
10.0.0.114,172.16.0.10,46122,6667,6,18575,31,32,898,866,1278,40,28.967741935483872,46.876349830641686,137.50379852357008,184.79250129518883,Bot
10.0.0.114,8.8.8.8,50163,8401,6,29905,49,18,90,4,602,40,1.836734693877551,22.484341664320684,30.427649760823126,780.9594572325353,PortScan
192.168.1.36,93.184.216.34,58015,21,6,11518,25,34,3192,544,1378,40,127.68,86.02865811271212,2504.5737578821927,992.8539293015094,BENIGN
192.168.1.13,1.1.1.1,7813,22,6,28884,33,9,4834,3950,499,40,146.4848484848485,84.72748481349525,1355.5316197935892,556.7092106282225,BENIGN
10.0.0.101,172.16.0.20,14864,80,6,78292,2,32,385,86,292,40,192.5,36.65914513998485,58.865353373949155,38.32606426490267,DDoS
10.0.0.113,172.16.0.10,50208,30401,6,46688,17,5,68,56,280,40,4.0,77.56316498807736,27.80315101368873,810.8920141225708,PortScan
192.168.1.39,172.16.0.20,52655,22,6,26928,43,27,4931,940,1155,40,114.67441860465117,22.480945026602384,3130.8034494217522,266.36683916899955,BENIGN
192.168.1.26,93.184.216.34,40820,25,6,22465,50,19,1038,221,1225,40,20.76,2.5678425497466018,325.5575144709822,677.6699395635584,BENIGN
192.168.1.37,172.16.0.10,29289,22,6,44279,43,39,673,321,1398,40,15.651162790697674,84.80152795063354,93.14147678849532,301.0219459430529,BENIGN
10.0.0.115,1.1.1.1,58944,48701,6,94625,26,2,45,32,1209,40,1.7307692307692308,90.04550614715919,5.607855151037643,677.8573506904543,PortScan
192.168.1.45,8.8.8.8,36266,80,6,98173,45,27,434,331,187,40,9.644444444444444,74.68908256742621,267.5428073937437,459.7660100247816,DDoS
10.0.0.118,172.16.0.20,50033,56301,6,61505,47,13,100,56,636,40,2.127659574468085,83.12818087103611,100.0,847.9401421089558,PortScan
10.0.0.105,172.16.0.10,1127,80,6,61933,2,40,684,120,464,40,342.0,79.95643512555061,68.46866467830323,414.62709838484744,Web Attack
192.168.1.12,93.184.216.34,17377,53,6,74385,23,26,942,635,356,40,40.95652173913044,92.57638225695565,385.4810976819972,163.33926533333818,BENIGN
10.0.0.108,172.16.0.10,63978,8080,6,82988,40,14,794,427,532,40,19.85,57.28985529597785,183.71109728013528,313.0703816773418,Bot
10.0.0.112,1.1.1.1,62764,64301,6,53727,45,5,67,19,608,40,1.488888888888889,8.359707377781634,67.0,921.0039339139631,PortScan
10.0.0.103,8.8.8.8,63939,16601,6,39654,3,1,44,20,574,40,14.666666666666666,95.16621314341207,44.0,170.93509794803953,PortScan
10.0.0.110,1.1.1.1,52483,443,6,12539,50,8,400,314,928,40,8.0,63.34875407025942,97.71361247228512,965.3625122899031,DDoS
192.168.1.42,104.244.42.1,54030,443,6,22298,22,29,1022,663,566,40,46.45454545454545,71.85981734558871,1022.0,337.7750671504206,BENIGN
192.168.1.28,172.16.0.30,9659,8080,6,19163,42,37,311,277,1440,40,7.404761904761905,80.01050591640936,35.996962529177445,309.68939776602053,Bot
192.168.1.14,172.16.0.30,5884,53,6,90143,30,33,3786,1411,302,40,126.2,87.79601516504117,483.85841456463976,640.1541354372963,BENIGN
192.168.1.19,172.16.0.20,52969,443,6,99167,39,36,2619,1182,939,40,67.15384615384616,12.435365817470823,378.5824331417179,700.0339512907416,BENIGN
192.168.1.41,8.8.8.8,56914,443,6,23630,29,28,706,89,1436,40,24.344827586206897,96.75612363630623,71.55099043551893,668.1719506984789,BENIGN
192.168.1.35,104.244.42.1,50391,80,6,47789,19,3,1665,1342,719,40,87.63157894736842,27.321660611387344,207.77464327942664,437.5144317418115,BENIGN
10.0.0.109,93.184.216.34,6431,21,6,11074,33,17,82,32,311,40,2.484848484848485,61.5797760195821,29.030151116830574,257.69876486948726,FTP-Patator
192.168.1.42,104.244.42.1,57457,80,6,83240,10,10,998,811,1433,40,99.8,42.215996679968406,998.0,382.23766722003023,BENIGN
192.168.1.47,172.16.0.20,63166,80,17,71513,11,34,59,0,1323,40,5.363636363636363,6.547182210371993,8.758494210040459,773.8086841029074,DDoS
10.0.0.110,172.16.0.10,38196,443,6,91981,35,15,1601,354,1397,40,45.74285714285714,66.96051961026667,215.77593685004683,712.1969127477265,Web Attack
192.168.1.46,172.16.0.10,3660,25,6,69021,31,28,1535,569,411,40,49.516129032258064,99.69454749325635,347.657787535014,814.4306995960627,BENIGN
192.168.1.11,172.16.0.20,27254,443,6,51556,18,30,243,204,903,40,13.5,64.88464838722638,30.415282705096704,113.94349982126846,DDoS
192.168.1.24,172.16.0.10,42383,53,6,9834,15,2,582,338,185,40,38.8,51.41561198085891,203.71553949526978,485.92908465134025,BENIGN
192.168.1.29,1.1.1.1,47226,53,6,63888,21,22,4105,2240,629,40,195.47619047619048,12.187410573271507,603.8043143201403,380.3144911890081,BENIGN
192.168.1.25,1.1.1.1,47786,80,6,36614,16,21,2440,1309,1146,40,152.5,8.057765765766845,1531.4863093938038,383.6522571389068,BENIGN
192.168.1.36,172.16.0.20,14824,80,6,14501,26,6,841,65,1009,40,32.34615384615385,54.84337438182938,841.0,397.6155082394093,DoS Hulk
10.0.0.117,172.16.0.30,57757,443,6,57585,16,37,327,201,1320,40,20.4375,31.812730961869395,84.06996994425366,382.1834800374124,Web Attack
10.0.0.112,172.16.0.20,42005,8080,6,99198,36,35,283,212,256,40,7.861111111111111,76.62834200160525,48.72606122642772,674.8180711810429,Bot
10.0.0.118,172.16.0.30,53714,16901,6,28124,14,3,90,72,758,40,6.428571428571429,53.228079737041156,14.977805163738251,169.2089872384813,PortScan
192.168.1.35,172.16.0.30,56833,443,17,34029,30,13,188,119,658,40,6.266666666666667,67.71961563873134,22.758424882506965,397.75538743214804,DDoS
10.0.0.118,8.8.8.8,51727,6697,6,61469,19,10,947,432,642,40,49.8421052631579,61.31342792438925,947.0,517.4526806158719,Bot
192.168.1.14,8.8.8.8,11757,6667,6,5224,15,26,297,7,592,40,19.8,95.01980424899162,128.9461705616813,671.6677480135498,Bot
192.168.1.13,172.16.0.20,31357,443,17,41038,23,31,238,141,262,40,10.347826086956522,17.577016089522534,38.980519261122225,841.9512023429223,DDoS
10.0.0.113,172.16.0.20,62791,25401,6,42934,47,17,98,9,1210,40,2.0851063829787235,37.280816673786134,19.32860576557798,902.0390682490131,PortScan
10.0.0.113,8.8.8.8,55196,41401,6,87154,41,27,51,25,99,40,1.2439024390243902,73.73883695461372,5.767492687844181,450.1254363627058,PortScan
10.0.0.114,1.1.1.1,49466,36701,6,26575,9,24,71,71,1075,40,7.888888888888889,65.30697606129188,17.106661036200382,492.23415414403974,PortScan
10.0.0.106,1.1.1.1,8495,443,6,66239,7,12,411,311,449,40,58.714285714285715,77.79589165970229,49.32884965667463,973.1466025968754,DDoS
10.0.0.109,172.16.0.10,21430,80,6,71854,22,28,2711,207,306,40,123.22727272727273,2.899268620264206,299.8033251764216,51.40555458382509,Web Attack
10.0.0.108,172.16.0.10,60864,54201,6,31508,38,10,89,12,547,40,2.3421052631578947,65.68644213762343,32.49815140550524,816.468876447126,PortScan
10.0.0.100,93.184.216.34,10959,21,6,76319,26,0,134,131,1489,40,5.153846153846154,93.99110732301371,27.02851750112785,436.62160979590436,FTP-Patator
10.0.0.105,1.1.1.1,65211,21,6,52463,40,11,101,82,1047,40,2.525,10.84304686179205,18.52443400045756,431.82232283926083,FTP-Patator
192.168.1.23,1.1.1.1,35043,443,6,92826,45,39,277,48,926,40,6.155555555555556,66.1713262845963,108.16458084644813,346.40373797004617,DDoS
10.0.0.101,172.16.0.20,40706,80,6,63373,12,39,697,614,119,40,58.083333333333336,87.7752637742968,130.00926183141817,752.6307678848422,DoS Hulk
10.0.0.104,1.1.1.1,51347,32701,6,73923,25,25,45,35,707,40,1.8,85.66241806462467,8.579742002052393,917.2447488724648,PortScan
10.0.0.113,8.8.8.8,59075,64801,6,87332,17,9,55,45,906,40,3.235294117647059,78.9076763220063,55.0,990.709913822531,PortScan
192.168.1.28,172.16.0.10,38245,22,6,38298,22,29,979,656,1152,40,44.5,52.43185348355205,109.95461417817882,135.06574606305864,BENIGN
192.168.1.24,104.244.42.1,29586,22,6,51968,2,21,4078,2739,1430,40,2039.0,79.81423244201889,560.9819856820689,840.665157399496,BENIGN
10.0.0.109,172.16.0.30,52272,52601,6,54948,49,3,48,17,1383,40,0.9795918367346939,12.688816861381024,5.5336642322803,250.42756469620164,PortScan
192.168.1.28,172.16.0.10,43999,6667,6,62349,6,40,603,62,779,40,100.5,55.801988947002165,64.22673119994184,416.5372495070434,Bot
192.168.1.12,172.16.0.30,64034,80,6,19899,38,25,1797,157,652,40,47.28947368421053,16.245025071470586,724.3996896873082,834.8159095316603,BENIGN
192.168.1.23,172.16.0.30,59801,80,6,19408,32,26,94,13,560,40,2.9375,61.08517661386838,48.040566715539214,930.2860428939922,DDoS
10.0.0.111,172.16.0.30,50729,101,6,97021,29,26,64,21,887,40,2.206896551724138,49.308199347384765,16.626596179041208,546.4779437107759,PortScan
192.168.1.45,93.184.216.34,57500,21,6,3456,28,29,446,39,681,40,15.928571428571429,57.57591607368311,77.20728654890331,709.7894626073653,BENIGN
192.168.1.15,1.1.1.1,46360,21,6,88026,20,37,2093,1511,1009,40,104.65,55.34729550102496,597.4540631976716,996.6348324953726,BENIGN
192.168.1.34,172.16.0.10,56306,80,6,35931,4,25,799,73,1152,40,199.75,47.01467765987197,398.9606650305873,841.6977486523194,DoS Hulk
192.168.1.42,172.16.0.10,43614,53,6,29893,27,28,4564,2278,53,40,169.03703703703704,75.88073671297673,2715.6527710266646,423.19178375534904,BENIGN
10.0.0.104,93.184.216.34,10551,80,6,76771,43,38,332,152,718,40,7.72093023255814,92.03846982695362,332.0,417.5399669315029,Web Attack
10.0.0.118,172.16.0.10,21554,21,6,89185,1,0,190,17,64,40,190.0,41.12487666137423,35.848270560234866,685.814052682342,FTP-Patator
192.168.1.33,172.16.0.20,56701,80,6,14833,32,27,3541,1483,1341,40,110.65625,89.15750148051032,761.2729766885017,153.83815794476607,BENIGN
192.168.1.34,172.16.0.10,60402,8080,6,6699,34,16,779,174,163,40,22.91176470588235,28.40135410479907,98.44601766091871,618.3468116150063,Bot
192.168.1.35,1.1.1.1,57717,25,6,98671,39,31,501,426,626,40,12.846153846153847,77.57409796033808,210.66600108212526,802.1300255877422,BENIGN
10.0.0.102,172.16.0.10,59372,35601,6,28114,30,33,61,30,753,40,2.033333333333333,47.616253120916355,13.745417064465045,697.0665022581425,PortScan
192.168.1.49,1.1.1.1,55663,25,6,38606,20,13,103,55,1227,40,5.15,60.66615704797626,31.304446806254347,442.344230821115,BENIGN
10.0.0.101,8.8.8.8,50938,15701,6,57047,1,5,63,37,1395,40,63.0,62.509095370930076,12.97564188780661,97.8899105840173,PortScan
10.0.0.111,172.16.0.30,2956,8080,6,55269,21,26,883,310,947,40,42.04761904761905,74.56097299886383,107.22766293154965,637.2105512791632,Bot
192.168.1.47,1.1.1.1,63094,80,6,66404,13,12,1899,480,535,40,146.07692307692307,87.2742498408298,884.445306508039,203.56379222948505,DoS Hulk
192.168.1.11,172.16.0.30,52796,22,6,43437,38,1,2049,713,583,40,53.921052631578945,5.239901786117651,275.2918967330633,526.5594410712692,BENIGN
192.168.1.27,8.8.8.8,37173,80,6,71736,35,30,143,38,789,40,4.085714285714285,39.24983458467322,16.021993050887115,590.01115402202,DDoS
10.0.0.102,104.244.42.1,34902,443,6,80963,34,5,520,251,1007,40,15.294117647058824,63.066284911100645,77.94938320820836,669.0484219119238,Web Attack
192.168.1.27,172.16.0.10,16841,80,6,73768,32,15,3429,2828,1015,40,107.15625,64.59028997409523,691.4517583348257,793.1399352641852,BENIGN
192.168.1.22,172.16.0.20,16096,80,17,85341,33,17,49,13,347,40,1.4848484848484849,18.69056758087676,13.293517357985657,717.5854057456413,DDoS
10.0.0.106,172.16.0.20,64669,8301,6,41416,8,25,94,60,1041,40,11.75,89.48774834054713,34.513859945339725,642.224516157671,PortScan
10.0.0.116,172.16.0.20,51192,7601,6,18132,43,15,67,37,574,40,1.558139534883721,85.09137057886191,7.2293197120945205,393.5597182365125,PortScan
192.168.1.29,151.101.1.69,59981,21,6,16860,29,15,4339,1840,171,40,149.6206896551724,33.808556214745536,732.4126052208225,230.88461786398042,BENIGN
10.0.0.111,1.1.1.1,50882,80,17,63963,36,37,190,146,1406,40,5.277777777777778,71.01236314883673,28.044236951107106,893.9721353765422,DDoS
192.168.1.25,93.184.216.34,25097,53,6,48012,42,3,4560,3261,605,40,108.57142857142857,18.980856216107956,3482.5610249765473,848.1851552752173,BENIGN
192.168.1.18,172.16.0.30,22037,80,6,7505,10,34,539,22,420,40,53.9,97.2332604991447,186.31604265170395,125.91416363031226,DoS Hulk
10.0.0.115,172.16.0.10,58998,13701,6,43056,29,17,87,53,1278,40,3.0,64.55548114276442,44.37500091542038,212.1791116037917,PortScan
192.168.1.17,1.1.1.1,15497,25,6,63676,9,9,1895,931,1280,40,210.55555555555554,37.362484198693636,268.8243279562011,912.8840913948211,BENIGN
192.168.1.11,172.16.0.10,4580,80,6,74149,17,4,101,73,506,40,5.9411764705882355,91.0986574431121,24.422300710434502,451.6745380802977,DDoS
10.0.0.115,8.8.8.8,33771,22,6,3151,29,2,216,86,154,40,7.448275862068965,33.771860441400506,29.842420858201653,406.10234814188567,SSH-Patator
192.168.1.17,172.16.0.10,34954,21,6,16435,36,16,3270,3174,573,40,90.83333333333333,70.40378112068258,1470.1603233699614,612.2653055808789,BENIGN
10.0.0.107,8.8.8.8,27463,80,6,74024,3,35,221,0,226,40,73.66666666666667,79.1783285172308,22.936266939700715,637.9005842975777,DDoS
10.0.0.108,104.244.42.1,19950,21,6,89931,25,20,164,135,1438,40,6.56,95.58707478718281,154.14884443504198,531.7620588748657,FTP-Patator
192.168.1.25,172.16.0.10,14333,443,6,59073,50,14,327,324,1483,40,6.54,70.95454532476691,87.41826363446313,588.7969548334815,DDoS
10.0.0.103,1.1.1.1,63960,21201,6,35735,30,7,59,5,362,40,1.9666666666666666,80.75969046805415,18.960524098628284,705.0000991462252,PortScan
192.168.1.45,93.184.216.34,30760,53,6,33951,20,14,2319,494,434,40,115.95,31.554794400598652,311.08632251884285,950.9266828330414,BENIGN
192.168.1.22,172.16.0.30,64335,8080,6,64390,37,15,1272,695,979,40,34.37837837837838,68.1594673251513,141.71776883873102,862.1612559953581,DoS Hulk
192.168.1.21,1.1.1.1,29569,21,6,43245,18,15,4953,709,611,40,275.1666666666667,88.1631184002772,1969.9726938074907,465.2437581366285,BENIGN
10.0.0.108,104.244.42.1,8525,443,6,74351,40,32,262,52,463,40,6.55,54.25287138694386,47.30334803258272,271.7810487182085,Web Attack
192.168.1.48,172.16.0.10,3923,53,6,31715,29,34,3395,889,155,40,117.06896551724138,14.01355751149046,341.70446988295026,234.92735562451523,BENIGN
10.0.0.109,8.8.8.8,35456,443,6,47380,40,8,2555,2516,1192,40,63.875,49.63969254471793,349.09479406222204,498.2433731780346,Web Attack
192.168.1.31,172.16.0.20,14879,443,6,36532,31,2,4743,609,1441,40,153.0,92.55848100809231,526.8135464289637,563.9463541839356,BENIGN
10.0.0.106,93.184.216.34,5167,22,6,19512,18,26,110,21,1466,40,6.111111111111111,36.992734337901865,63.45321676107498,244.40096488408633,SSH-Patator
192.168.1.35,172.16.0.20,31104,21,6,92388,16,14,4728,2457,1440,40,295.5,82.80620787133806,4728.0,991.683030578203,BENIGN
192.168.1.18,151.101.1.69,4807,25,6,89181,30,19,4677,178,850,40,155.9,25.445721906761243,4677.0,218.68340736428613,BENIGN
192.168.1.46,1.1.1.1,8786,443,6,55548,49,38,4671,1848,1110,40,95.3265306122449,38.037802614654936,513.6244443185478,298.05577938487,BENIGN
192.168.1.34,151.101.1.69,39827,80,6,92382,7,19,2089,495,1199,40,298.42857142857144,78.26353463610197,590.5605397193212,428.9496352215097,BENIGN
192.168.1.47,172.16.0.10,64769,443,17,68681,15,25,474,180,746,40,31.6,48.68615626741756,97.27287315720307,604.6067693054011,DDoS
10.0.0.103,172.16.0.20,49554,4501,6,62835,3,23,55,24,347,40,18.333333333333332,17.89609337684517,5.724761439240938,36.32821040087872,PortScan
10.0.0.101,172.16.0.20,54844,36301,6,78662,16,20,51,51,1468,40,3.1875,35.878313268706194,8.562120037463645,703.7494300369935,PortScan
192.168.1.47,172.16.0.10,44105,21,6,69522,37,20,4881,2136,458,40,131.9189189189189,66.97259747698293,1520.3617073668725,266.34889801882247,BENIGN
192.168.1.34,172.16.0.20,64174,443,17,60355,19,8,185,35,885,40,9.736842105263158,60.25244496763816,20.843368033589503,512.7823278800711,DDoS
10.0.0.106,151.101.1.69,9661,8080,6,62377,45,6,580,466,675,40,12.88888888888889,68.44779748053745,81.33344864632318,465.9311676701555,Web Attack
192.168.1.13,172.16.0.20,49434,25,6,55773,12,11,405,18,853,40,33.75,78.7960629875838,208.28135341815982,749.2541982395145,BENIGN
192.168.1.30,172.16.0.10,25433,80,6,59471,39,11,260,242,1241,40,6.666666666666667,55.13337206077568,74.11492938724477,837.8161164864705,DDoS
10.0.0.110,172.16.0.30,50729,80,6,9509,36,18,1950,964,315,40,54.166666666666664,12.20232300059455,226.52980938997493,329.8793184349364,Web Attack
192.168.1.34,93.184.216.34,10195,53,6,98708,33,22,742,54,240,40,22.484848484848484,43.70882528434991,88.30306734798303,341.25215372863084,BENIGN
192.168.1.16,1.1.1.1,17401,8080,6,97615,46,24,834,387,491,40,18.130434782608695,26.2980275446249,194.85207867388814,240.32225312362198,DoS Hulk
192.168.1.46,172.16.0.30,44406,80,6,3587,42,3,65,14,893,40,1.5476190476190477,44.431428894589665,49.10882132576618,253.48555477650416,DDoS
10.0.0.109,172.16.0.20,32209,6667,6,7463,48,35,685,408,577,40,14.270833333333334,8.507898746823539,135.16049687321754,774.0513114197004,Bot
192.168.1.31,172.16.0.30,55738,443,6,76842,17,34,389,291,396,40,22.88235294117647,37.66595695441611,101.10899362236728,588.0911459377646,DDoS
10.0.0.100,1.1.1.1,50213,58101,6,42709,39,39,51,14,1349,40,1.3076923076923077,56.55502461203204,5.441039365512894,141.5027247804198,PortScan
192.168.1.32,172.16.0.30,7409,80,17,30064,43,0,398,174,767,40,9.255813953488373,82.98838856344013,41.252528481416114,292.69158024447324,DDoS
192.168.1.35,93.184.216.34,62558,25,6,19909,49,12,3095,2467,1082,40,63.16326530612245,40.13870842760645,3095.0,39.875052279974014,BENIGN
192.168.1.37,172.16.0.30,7747,22,6,87628,21,18,755,313,953,40,35.95238095238095,60.26216277305998,174.827234506572,690.0750436370408,BENIGN
192.168.1.47,93.184.216.34,37915,53,6,3180,31,23,2555,1356,1419,40,82.41935483870968,10.96045894913228,604.9128869179173,308.3701558780525,BENIGN
10.0.0.111,8.8.8.8,14243,80,6,38487,34,12,1845,68,1267,40,54.26470588235294,51.05478503988208,263.0208750518376,615.5747957178459,DoS Hulk
192.168.1.17,1.1.1.1,56412,21,6,82490,50,39,4695,4560,93,40,93.9,60.899491555306525,710.015772844752,693.7777166678032,BENIGN
192.168.1.44,8.8.8.8,12813,8080,6,76483,9,14,1670,1667,244,40,185.55555555555554,72.08154594149373,207.18402410584122,555.7847073732803,DoS Hulk
192.168.1.44,151.101.1.69,43944,21,6,81694,32,26,911,286,107,40,28.46875,69.02806637475636,404.7144338531532,445.25116391930436,BENIGN
10.0.0.112,93.184.216.34,26708,443,6,79134,46,37,933,644,1453,40,20.282608695652176,69.9365499957176,150.44694247767086,313.1282104998809,Web Attack
192.168.1.44,172.16.0.10,20018,80,17,40498,44,38,412,44,616,40,9.363636363636363,76.52742410204625,92.93944705932896,395.718144970389,DDoS
10.0.0.118,8.8.8.8,52894,58601,6,72186,50,23,57,34,125,40,1.14,76.00041308923083,12.753021229594843,219.3233930750634,PortScan
10.0.0.114,172.16.0.20,38899,8080,6,27956,13,20,2031,613,1207,40,156.23076923076923,79.43466597289164,297.46764156763305,918.58312093012,Web Attack
192.168.1.36,172.16.0.10,25531,25,6,11696,25,23,2031,459,97,40,81.24,31.868487544973124,1878.9498685148224,714.9895682507062,BENIGN
10.0.0.101,104.244.42.1,42127,22,6,46593,20,26,291,2,1182,40,14.55,23.563900732921706,230.34408156572775,530.6688219071528,SSH-Patator
192.168.1.43,172.16.0.30,6274,25,6,78992,5,4,1622,1382,521,40,324.4,40.37755513182775,172.15391053714595,570.1057347280467,BENIGN
192.168.1.12,172.16.0.20,25742,21,6,8355,31,40,4627,77,1479,40,149.25806451612902,17.138357522104762,916.4920470694595,434.47574231969065,BENIGN
192.168.1.38,104.244.42.1,37194,22,6,60682,25,20,4551,1545,1468,40,182.04,23.880554416624932,1169.4985513098475,856.1569630113909,BENIGN
192.168.1.36,1.1.1.1,2390,21,6,82018,11,29,2760,1482,220,40,250.9090909090909,43.67117795682278,2404.086904639296,436.24085041345967,BENIGN
10.0.0.100,1.1.1.1,62732,11501,6,75264,10,37,49,37,245,40,4.9,92.49281667592734,8.641107816359403,101.88945238262322,PortScan
192.168.1.15,1.1.1.1,63103,443,6,59877,14,38,53,30,1026,40,3.7857142857142856,17.056678398969627,6.369733419255969,601.2378756967888,DDoS
10.0.0.109,8.8.8.8,48383,6667,6,24562,8,37,612,559,317,40,76.5,39.30667148050614,185.32744276659164,25.8872006811179,Bot
192.168.1.13,172.16.0.30,4285,25,6,59079,18,27,768,497,1283,40,42.666666666666664,44.20441866977791,273.8600810249339,755.1882005247023,BENIGN
